[
    { "name": "INFY", "price": "1161.55", "percentage": "+1.29%" },
    { "name": "GMRINFRA", "price": "17.55", "percentage": "+1.14%" },
    { "name": "SBIN", "price": "249.20", "percentage": "-0.50%" },
    { "name": "GTPL", "price": "136.00", "percentage": "+0.07%" },
    { "name": "CANIBK", "price": "252.60", "percentage": "+1.29%" },
    { "name": "NMDC", "price": "118.20", "percentage": "-0.25%" },
    { "name": "TCS", "price": "3432.50", "percentage": "+0.92%" },
    { "name": "RELIANCE", "price": "2412.80", "percentage": "+0.88%" },
    { "name": "HDFCBANK", "price": "1572.60", "percentage": "+1.15%" },
    { "name": "LARSEN", "price": "1670.50", "percentage": "+0.63%" },
    { "name": "WIPRO", "price": "378.60", "percentage": "+1.10%" },
    { "name": "ICICIBANK", "price": "920.40", "percentage": "-0.33%" },
    { "name": "AXISBANK", "price": "929.90", "percentage": "+0.40%" },
    { "name": "HDFC", "price": "2745.10", "percentage": "+1.70%" },
    { "name": "SUNPHARMA", "price": "601.10", "percentage": "+0.98%" },
    { "name": "TITAN", "price": "2718.50", "percentage": "-0.15%" },
    { "name": "BAJAJ-AUTO", "price": "4322.10", "percentage": "+0.56%" },
    { "name": "ITC", "price": "443.10", "percentage": "+0.40%" },
    { "name": "MARUTI", "price": "8610.00", "percentage": "+0.72%" },
    { "name": "M&M", "price": "1475.50", "percentage": "-0.62%" },
    { "name": "ONGC", "price": "145.60", "percentage": "+0.58%" },
    { "name": "ADANIGREEN", "price": "1036.50", "percentage": "-0.10%" },
    { "name": "SHREECEM", "price": "27620.50", "percentage": "+1.12%" },
    { "name": "POWERGRID", "price": "233.50", "percentage": "+0.10%" },
    { "name": "SBILIFE", "price": "1454.10", "percentage": "-0.80%" },
    { "name": "HINDUNILVR", "price": "2745.00", "percentage": "+0.50%" },
    { "name": "TECHM", "price": "1093.90", "percentage": "+0.76%" },
    { "name": "BPCL", "price": "343.00", "percentage": "-0.04%" },
    { "name": "ULTRACEMCO", "price": "7565.90", "percentage": "+0.78%" },
    { "name": "HINDALCO", "price": "510.90", "percentage": "+0.28%" },
    { "name": "JSWSTEEL", "price": "820.40", "percentage": "+1.02%" },
    { "name": "VEDANTA", "price": "338.70", "percentage": "-0.06%" },
    { "name": "BHEL", "price": "79.50", "percentage": "+0.34%" },
    { "name": "RECLTD", "price": "141.50", "percentage": "+1.01%" },
    { "name": "NMDC", "price": "118.20", "percentage": "-0.25%" },
    { "name": "MOTHERSUMI", "price": "120.00", "percentage": "+0.10%" },
    { "name": "COALINDIA", "price": "247.30", "percentage": "-0.18%" },
    { "name": "NTPC", "price": "160.40", "percentage": "+0.58%" },
    { "name": "JSWENERGY", "price": "275.00", "percentage": "+0.28%" },
    { "name": "ZOMATO", "price": "72.00", "percentage": "+1.15%" },
    { "name": "HAVELLS", "price": "1473.60", "percentage": "+0.63%" },
    { "name": "BOSCHLTD", "price": "20023.00", "percentage": "-0.05%" },
    { "name": "PVR", "price": "1380.90", "percentage": "+0.33%" },
    { "name": "PGCIL", "price": "241.20", "percentage": "+0.75%" },
    { "name": "LUPIN", "price": "725.50", "percentage": "-0.19%" },
    { "name": "RELIANCE", "price": "2412.80", "percentage": "+0.88%" },
    { "name": "DIVISLAB", "price": "4230.50", "percentage": "+1.45%" }
  ]
  